{
  "loss": [
    0.6619600415610658,
    0.6499775499581529,
    0.6358014632718632,
    0.615036045019619,
    0.6112578174176688,
    0.612797953640691,
    0.6351153604900495,
    0.6357649745651708,
    0.6529591003545938,
    0.6569147471802684,
    0.6593127629627435,
    0.6454370275092202,
    0.6368122822560441,
    0.6298458564776582,
    0.6264259967560204,
    0.623933964263136,
    0.6218365621262084,
    0.6201345798687432,
    0.6185514993560962,
    0.6181312549990207
  ],
  "val_acc": [
    0.6122,
    0.618325,
    0.673425,
    0.681325,
    0.688375,
    0.6585,
    0.6555,
    0.661525,
    0.5924,
    0.605875,
    0.582975,
    0.6296,
    0.621775,
    0.5854,
    0.6138,
    0.6114,
    0.651025,
    0.643675,
    0.6399,
    0.644775
  ]
}